Nimi,Verkkosivut,Osoite
Datadrivers Oy,http://www.datadrivers.fi,"Hallituskatu 2 A 7, 95400 Tornio"
Atop-Tieto Oy,http://www.atop.fi,"Perintökuja 8, 01510 Vantaa"
Billgo Oy,http://helpostilasku.fi,"Hämeenkatu 5 A, 33100 Tampere"
Lemonsoft Oyj,http://www.lemonsoft.fi,"Vaasanpuistikko 20 A 4. krs, 65100 Vaasa"
Metsys Oy,http://www.metsys.fi,"Ahlmaninkatu 2 E, 40100 Jyväskylä"
PlanMill Oy,http://www.planmill.com,"Hämeentie 19, 00500 Helsinki"
Duunissa,https://duunissa.fi/,"Vantaankoskentie 14, 01670 Vantaa"
Kellokortti - Lemonsoft Oyj,http://www.lemonsoft.fi,"Keskikatu 11 B, 45100 Kouvola"
Lemonsoft Oy,http://www.lemonsoft.fi,"Hämeentie 19, 00500 Helsinki"
Lemonsoft Oyj,http://www.lemonsoft.fi,"Itsenäisyydenkatu 17 B 2. krs, 33500 Tampere"
Lemonsoft Oyj,http://www.lemonsoft.fi,"Ahlmaninkatu 2, 40100 Jyväskylä"
Lemonsoft Oyj,http://www.lemonsoft.fi,"Alasintie 1, 80130 Joensuu"
Lemonsoft Oyj - Turku,http://www.lemonsoft.fi,"Lemminkäisenkatu 34, 20520 Turku"
Talosofta - Lemonsoft Oyj,http://www.lemonsoft.fi,"Elektroniikkatie 8, 90590 Oulu"
Etufillari,http://www.etufillari.fi,"Tekniikantie 14 B, 02150 Espoo"
Wapice Oy,http://www.wapice.com,"Yliopistonranta 5 III kerros, 65200 Vaasa"
Atex Software Oy,http://atex.com,"Kauppiaantie 1, 90460 Oulunsalo"
Atex Software Oy Forssa,https://www.jaicom.com/fi/,"Puuvillakatu 4 C 4, 30100 Forssa"
Nitor Creations Oy,http://www.nitor.fi,"Aleksanterinkatu 46, 00100 Helsinki"
Softability Oy,http://www.softability.fi,"Jaakonkatu 2, 01620 Vantaa"
QEM Software Oy,http://www.qem.fi,"Itäinen Pitkäkatu 4 A, 20520 Turku"
myneva Finland Oy,http://www.fastroi.com,"Länsikatu 15, 80110 Joensuu"
Arrow ECS Finland Oy,Verkkosivuja ei löydy,"Lars Sonckin kaari 16, 02600 Espoo"
Moonsoft Oy,http://www.moonsoft.fi,"Vaisalantie 2-8, 02130 Espoo"
Taitori Oy,http://www.taitori.fi,"Fredrikinkatu 34 A, 00100 Helsinki"
Grok IT Oy,http://www.grok-it.fi,"Tallberginkatu 1 C 99, 00180 Helsinki"
Jussin ATK-Apu,http://www.jussinatk.fi,"Mittarikuja 8, 45120 Kouvola"
Tietoverkko Fi Oy,http://www.ilmari.fi,"Lintuparvenkuja 5, 02660 Espoo"
Vertex Systems Oy,https://vertex.fi,"Vaajakatu 9, 33720 Tampere"
Software Point,http://www.softwarepoint.com,"Metsänneidonkuja 6, 02130 Espoo"
Digia Finland Oy,http://www.digia.com,"Satakunnankatu 18 A, 33210 Tampere"
Digia Finland Oy,http://www.digia.com,"Valtakatu 7, 26100 Rauma"
Makrola,http://www.makrola.fi,"Venuksenkatu 3 A 8, 11130 Riihimäki"
Vitec ALMA Oy,http://www.vitec-alma.com,"Indolantie 11, 67600 Kokkola"
ATR Soft Oy,http://www.atrsoft.com,"Joukahaisenkatu 1, 20520 Turku"
Efecte Oyj,http://www.efecte.com,"Säterinkatu 6, 02600 Espoo"
Arksystems Oy,http://www.arkstore.fi,"Mikonkatu 22 E 56, 00100 Helsinki"
EduCat Oy / Mmpro,http://mmpro.fi,05200 Rajamäki
Planix Oy,https://www.planix.group/,"Virastotie 4 B, 43500 Karstula"
Napa Oy,http://www.napa.fi,"Tammasaarenkatu 3, 00180 Helsinki"
MP-Tietosovellukset Oy,http://www.mp-tietosovellukset.fi,"Yrittäjäntie 6 B, 60100 Seinäjoki"
PehuTec Oy,http://www.pehutec.com,"Keiteleentie 862, 86800 Pyhäsalmi"
Carelsoft Oy,http://www.carelsoft.com,"Maikinmutka 11 B, 80400 Ylämylly"
DataPartner Oy,http://www.datapartner.fi/fi,"Raatihuoneenkatu 8 A, 3. krs, 06100 Porvoo"
Front AI Oy,http://front.ai,"Porkkalankatu 7 A, 00180 Helsinki"
Howspace,http://www.howspace.com,"Salomonkatu 17 A 43, 00100 Helsinki"
ImproveIt Oy,http://www.improveit.fi,"Purolaakso 4 B, 02920 Espoo"
Ineo Oy,http://www.ineo.fi,"Humalistonkatu 1, 20100 Turku"
Mylab Oy,http://www.mylab.fi,"Åkerlundinkatu 11, 33100 Tampere"
Nextlog Oy Ab,http://www.nextlog.fi,"Företagarvägen 7, 65610 Mustasaari"
Oy Abilita Ab,http://www.abilita.fi,"Paul Hallvarin katu 1, 68600 Pietarsaari"
Systam Oy,http://www.systam.fi,"Hermiankatu 6 A, 33720 Tampere"
Insinööritoimisto FEMdata Oy,http://www.femdata.fi,"Ukkohauentie 11-13 B, 02170 Espoo"
Smartium Oy,http://www.smartium.fi,"Metallimiehenkuja 10, 02150 Espoo"
Bentley Systems Finland Oy,http://www.bentley.com/en,"Eerikinkatu 6b, 20100 Turku"
Stereoscape Oy,http://www.stereoscape.com,"Hämeentie 135 A, 4krs, 00560 Helsinki"
Toyme Lab Oy,http://www.toymelab.com,"Rautatienkatu 14 A, 33100 Tampere"
Granlund Oy pääkonttori,https://www.granlund.fi/sijainti/helsinki-paakonttori/,"Malminkaari 21, 00700 Helsinki"
Granlund Alavus,https://www.granlund.fi/sijainti/alavus/,"Salmentie 1, 63300 Alavus"
Granlund Espoo,https://www.granlund.fi/sijainti/espoo/,"Piispantilankuja 4, 02240 Espoo"
Granlund Hämeenlinna,https://www.granlund.fi/sijainti/hameenlinna/,"Keilakatu 1, 13210 Hämeenlinna"
Granlund Imatra,https://www.granlund.fi/sijainti/imatra/,"Koskenparras 1, 55100 Imatra"
Granlund Joensuu,https://www.granlund.fi/sijainti/joensuu/,"Kauppakatu 21 b, 80100 Joensuu"
Granlund Jyväskylä,https://www.granlund.fi/sijainti/jyvaskyla/,"Kympinkatu 3 C, 40320 Jyväskylä"
Granlund Kajaani,https://www.granlund.fi/sijainti/kajaani/,"Pohjolankatu 30, 87100 Kajaani"
Granlund Kokkola,https://www.granlund.fi/sijainti/kokkola/,"Koppisentie 3, 67600 Kokkola"
Granlund Kotka,https://www.granlund.fi/sijainti/kotka/,"Tornatorintie 3, 48100 Kotka"
Granlund Kuopio,https://www.granlund.fi/sijainti/kuopio/,"Hyrräkatu 3, 70500 Kuopio"
Granlund Lahti,https://www.granlund.fi/sijainti/lahti/,"Vesijärvenkatu 9 d, 15140 Lahti"
Granlund Lappeenranta,https://www.granlund.fi/sijainti/lappeenranta/,"Kasarmikatu 10, 53900 Lappeenranta"
Granlund Lohja,https://www.granlund.fi/sijainti/lohja/,"Suurlohjankatu 10, 08100 Lohja"
Granlund Mikkeli,https://www.granlund.fi/sijainti/mikkeli/,"Teollisuuskatu 8, 50130 Mikkeli"
Granlund Mäntsälä,https://www.granlund.fi/sijainti/mantsala/,"Papintie 14, 04600 Mäntsälä"
Granlund Oulu,https://www.granlund.fi/sijainti/oulu/,"Elektroniikkatie 3-5, 90590 Oulu"
Granlund Pieksämäki,https://www.granlund.fi/sijainti/pieksamaki/,"Kauppakatu 1, 76100 Pieksämäki"
Granlund Riihimäki,https://www.granlund.fi/sijainti/riihimaki/,"Temppelikatu 8, 11100 Riihimäki"
Granlund Rovaniemi,https://www.granlund.fi/sijainti/rovaniemi/,"Suosiolankatu 2, 96320 Rovaniemi"
Granlund Savonlinna,https://www.granlund.fi/sijainti/savonlinna/,"Vipusenkatu 12, 57200 Savonlinna"
Granlund Seinäjoki,https://www.granlund.fi/sijainti/seinajoki/,"Tiedekatu 2, 60320 Seinäjoki"
Granlund Tampere,https://www.granlund.fi/sijainti/tampere/,"Järvensivuntie 1, 33100 Tampere"
Granlund Turku,https://www.granlund.fi/sijainti/turku/,"Laasmäenkatu 6, 20780 Kaarina"
Granlund Vaasa,https://www.granlund.fi/sijainti/vaasa/,"Hovioikeudenpuistikko 19 A, 65100 Vaasa"
Granlund Varkaus,https://www.granlund.fi/sijainti/varkaus/,"Kuoppakankaankatu 2 a 3, 78200 Varkaus"
Granlund Ylivieska,https://www.granlund.fi/sijainti/ylivieska/,"Vierimaantie 5, 84100 Ylivieska"
Espeo Software Oy,http://espeo.fi,"Lapinlahdenkatu 16, 00180 Helsinki"
Granlund Kouvola,https://www.granlund.fi/sijainti/kouvola/,"Kauppalankatu 14, 45100 Kouvola"
Advania Finland,https://advania.fi,"Tekniikantie 14, 02150 Espoo"
Advania Finland,https://www.advania.fi,"Mukkulankatu 19, 15210 Lahti"
Advania Finland,https://www.advania.fi,"Lutakonaukio 7 Kielo Innova 2, 40100 Jyväskylä"
Advania Finland,https://www.advania.fi,"Vipusenkatu 12, 57200 Savonlinna"
Digia,http://www.digia.com,"Atomitie 2 A, 00370 Helsinki"
Pulse247 Oy,http://www.mycashflow.fi,"Syväojankatu 3 A, 87700 Kajaani"
Tietotapio ky,http://www.tietotapio.fi,"Pielisentie 45, 81700 Lieksa"
Sunmarket Suomi Oy,Verkkosivuja ei löydy,"Pajamäentie 11, 13210 Hämeenlinna"
10tons Oy,http://www.10tons.com,"Hämeenkatu 5 B, 33100 Tampere"
1Scope Oy,http://www.1scope.fi,"Vuohikallio 14 B, 02860 Espoo"
21st Century Software Ky,Verkkosivuja ei löydy,"Tyrskyvuori 15, 02320 Espoo"
24Apps Oy,http://www.24apps.online,"Esikontie 23, 13500 Hämeenlinna"
27 Crags Oy,http://www.27crags.com,"Kivääritehtaankatu 6 C, 40100 Jyväskylä"
2General Oy,Verkkosivuja ei löydy,Osoitetta ei löydy
3Dee Oy,http://www.3dee.fi,"Niementie 138, 38360 Sastamala"
4-PROs Oy,http://www.4-pros.fi,"Leiritie 46, 32100 Ypäjä"
6SAVE,Verkkosivuja ei löydy,"Kaustisenpolku 5 A 2, 00420 Helsinki"
7scales Oy,Verkkosivuja ei löydy,"Kotiportinkuja 7 B, 02330 Espoo"
A & A Consulting Oy,http://www.aaconsulting.fi,"Eskolanmäentie 7, 15340 Lahti"
A'haaSoft Oy,Verkkosivuja ei löydy,"Rahkolankuja 20 B 16, 39500 Ikaalinen"
A-Mikro Oy,Verkkosivuja ei löydy,Osoitetta ei löydy
A.M.S. Accuracy Management Services Oy,http://www.ams-oulu.com,"Paulaharjuntie 22, 90530 Oulu"
ACD Consulting Ky,http://www.acdconsulting.biz,Osoitetta ei löydy
AHCO Oy,http://www.ahco.fi,"Tierankatu 4, 20520 Turku"
AIT J.K Oy,http://www.artificialintelligence.fi,"Kuusitie 4 B 66, 00270 Helsinki"
AL-Sahara Trade,http://www.saharatrade.eu,Osoitetta ei löydy
AND Solutions Oy,http://www.andsolutions.fi,"Otavalankatu 5, 33100 Tampere"
AP IT-Expression,Verkkosivuja ei löydy,"Pääskyntie 38, 01800 Klaukkala"
AP-Research Oy,http://www.ap-research.com,"Saariniemenkatu 8 D 52, 00530 Helsinki"
APLcomp Oy,Verkkosivuja ei löydy,"Mariankatu 17, 00170 Helsinki"
AR Software,http://www.arsoftware.fi,"Ratatie 16 A 38, 01300 Vantaa"
AT-data Solutions,http://www.at-data.fi,"Aholantie 654, 85820 Oksava"
ATK Lillhonga Oy,http://www.lillhonga.fi,"Torikatu 16, 67100 Kokkola"
ATK-palvelu Pajala Jukka Tmi,http://www.it-pajala.com,"Kohmankaari 1 N 52, 33310 Tampere"
ATK-tehdas Oy,Verkkosivuja ei löydy,"Santavuorentie 3 A 7, 00400 Helsinki"
Aaaaec Services Oy,http://aaaaec.fi,"Ratamotie 4, 12600 Läyliäinen"
Aalto Veneily,http://www.aaltoveneily.fi,"Vattuniemenkatu 15 b, 00210 Helsinki"
Aames Oy / Data Group,http://www.aames.fi,"Bulevardi 17, 00120 Helsinki"
Aastat Oy,http://www.aastat.fi,"Kurjenmäenkatu 10 B 55, 20700 Turku"
Aatwart Oy,Verkkosivuja ei löydy,Osoitetta ei löydy
Aava Mobile Oy,http://www.aavamobile.com,"Nahkatehtaankatu 2, 90130 Oulu"
Aava Ohjelmistot Oy,http://www.aavaohjelmistot.fi,"Metsänneidonkuja 10, 02130 Espoo"
Aavamäki Consulting Oy,Verkkosivuja ei löydy,"Lyhdetie 11, 83100 Liperi"
Abako Oy,http://www.abako.fi,Osoitetta ei löydy
Abiton Ky,Verkkosivuja ei löydy,"Puskaperäntie 183, 85940 Räisälänmäki"
Aboa Ohjelmistot Mika Kokko Ky,http://www.aboa-ohjelmistot.com,"Käräjätuomarinkatu 18 E 19, 20780 Kaarina"
Abonnet Oy,Verkkosivuja ei löydy,"Kiiskitie 5 C 42, 02170 Espoo"
AccelBit Oy,http://www.accelbit.com,"Rantakatu 3, 90100 Oulu"
Accomation Oy,http://www.accomation.com,"Uusi Porvoontie 696, 01120 Västerskog"
Acer Finland Oy,http://www.acer.com/ac/fi/FI/content/home,"Teknobulevardi 7 H, 01530 Vantaa"
Acsi-Solutions Oy,http://www.acsi-solutions.com,Osoitetta ei löydy
ActiveSoft Oy,http://www.activesoft.fi,"Liljantie 14, 76850 Naarajärvi"
Ad Latus Ab,Verkkosivuja ei löydy,"Vexalavägen 298, 66950 Munsala"
AdLight Oy,http://www.adlight.fi,Osoitetta ei löydy
Ada-bau Oy,Verkkosivuja ei löydy,"Lehtikummuntie 17, 01690 Vantaa"
Adalia Oy,http://www.adalia.fi,"Visiokatu 6, 33720 Tampere"
Add-In Oy,Verkkosivuja ei löydy,"Suvannontie 2b, 00510 Helsinki"
Adeno Oy,http://www.adeno.fi,"Talvitie 11, 13500 Hämeenlinna"
Adensy Oy,http://www.adensy.com,"Melkonkatu 26, 00210 Helsinki"
Adeona Oy,http://www.canter.fi,"Metsänneidonkuja 4, 02130 Espoo"
Adica Consulting Oy,Verkkosivuja ei löydy,"Kaukovainionkatu 68, 90140 Oulu"
Adminize,http://www.adminize.fi,"Sienitie 12, 02580 Siuntio"
Adp-Base Systems Oy,Verkkosivuja ei löydy,"Mariantie 13 B, 02700 Kauniainen"
Adsotech Finland Oy,http://www.adsotech.com,"Keilaranta 1, 02150 Espoo"
Adsotech Scandinavia Oy,http://www.adsotech.com,"Keilaranta 1, 02150 Espoo"
Advanced Network Technology Tampere Incorporation Oy,http://www.adnet.fi,"Verstaankatu 1, 33100 Tampere"
Advania Fokus Oy,http://www.netsecure.fi,"Mukkulankatu 19, 15210 Lahti"
Advocorp Oy,http://www.advocorp.fi,"Mannerheimintie 42 A 3, 00260 Helsinki"
AgeIn Oy,Verkkosivuja ei löydy,"Sääskikuja 2 A 8, 00730 Helsinki"
Agentum Technologies Oy Inc .,http://www.agentum.com,"Kauppiaskatu 5 A, 20100 Turku"
Agrisystems Oy,Verkkosivuja ei löydy,"Hiidenkiukaantie 1 D 33, 00340 Helsinki"
AgroSoft Oy,http://www.agrosoft.eu/fi,"Vuohiojantie 56, 23140 Hietamäki"
Ahaa Vision Oy,http://www.ahaavision.com,"Raitatie 5 A 2, 13210 Hämeenlinna"
Ahjo Solutions Oy,Verkkosivuja ei löydy,Osoitetta ei löydy
Ahonet Oy,Verkkosivuja ei löydy,Osoitetta ei löydy
Aidc Finland Oy,http://www.aidc.fi,"Malminkaari 17-19 A, 00700 Helsinki"
Ainea Oy,http://www.ainea.fi,
Ainia Innovations Oy,http://www.ainia.fi,"Tallberginkatu 2 A, 00180 Helsinki"
Ainia Solutions Oy,http://www.ainia.fi,"Tallberginkatu 2 A, 00180 Helsinki"
Air Dice Games,http://www.airdice.com,"Hämeentie 19, 00500 Helsinki"
Airbus Defence and Space Oy,http://www.securelandcommunications.com,"Hiomotie 32, 00380 Helsinki"
Airo Finland Oy,http://www.airo.fi,"Airoranta 7 A, 00830 Helsinki"
Aitio Finland Oy,http://www.aitiofinland.com,"Lutakonaukio 7, 40100 Jyväskylä"
Aivomatic Oy,http://www.aivomatic.com,"Rusokastie 5, 24280 Salo"
Aivoriihi Oy Konsulttitoimisto,Verkkosivuja ei löydy,"Laaksonpohjantie 13 A, 02730 Espoo"
Aivosto Oy,http://www.aivosto.com,"Kylänvanhimmantie 16, 00640 Helsinki"
Aj-Group,http://aj-group.net,Osoitetta ei löydy
Ajas Oy,http://www.ajas.fi,"Kousankatu 1, 20610 Turku"
Ajodata Oy,Verkkosivuja ei löydy,"Päivänkajontie 8 E, 02210 Espoo"
Akasystems Oy,Verkkosivuja ei löydy,"Heinämäentie 6, 40250 Jyväskylä"
Alderette Ab Oy,http://www.somecode.fi,"Maununtie 69, 07190 Halkia"
Alekstra Oy,http://www.alekstra.com,"Kumitehtaankatu 5, 04260 Kerava"
Aletheia Oy,Verkkosivuja ei löydy,"Vilkkupoiju 13 B 5, 02320 Espoo"
Alexsoft Oy,http://www.alexsoft.fi,Osoitetta ei löydy
Alfame Systems Oy,http://www.alfame.com,"Vaasantie 6, 67100 Kokkola"
Algotronics Ab,Verkkosivuja ei löydy,"Pålarvvägen 37 A, 10570 Bromarv"
Aline Consulting Oy,http://www.aline-consulting.com,"Valimotie 13 A, 00380 Helsinki"
Alkalde Oy,http://www.alkalde.fi,"Ruutintie 26, 04330 Lahela"
Alkilan Oy,Verkkosivuja ei löydy,"Kutomotie 12a, 00380 Helsinki"
All in All IT-Solutions Oy,http://www.carrotnet.net,"Sorakatu 5, 65100 Vasa"
Allteq Solutions Oy,http://www.allteq.fi,"Joensuunkatu 7, 24100 Salo"
Almitas Solutions Oy,Verkkosivuja ei löydy,"Ruukinkatu 2-4, 20540 Turku"
Also Cloud Oy,http://www.alsocloud.eu,"Kalevantie 2 D 6, 33100 Tampere"
Alter Data Oy,http://www.alterdata.fi,"Kesätie 9 B, 01690 Vantaa"
Alternative Games Oy,http://www.alternativegames.net,Osoitetta ei löydy
Altom Consulting Oy,http://altom.com,Osoitetta ei löydy
Amaye Concept,http://www.amayeconcept.fi,"Ahopellontie 31, 41930 Kuohu"
Amazing Badger Oy,Verkkosivuja ei löydy,Osoitetta ei löydy
Ambientia Oy Hämeenlinnan toimisto,http://www.ambientia.net,"Vanajantie 10b, 13110 Hämeenlinna"
Ambit Oy,http://www.ambit.fi,"Kiilakiventie 1, 90250 Oulu"
Ambitone Oy,Verkkosivuja ei löydy,"Koivusyrjä 3a, 02130 Espoo"
Amdocs (Finland) Oy,http://www.amdocs.com,Osoitetta ei löydy
Amer Sports Digital Services Oy,Verkkosivuja ei löydy,"Tammiston kauppatie 7 B 7 B, 01510 Vantaa"
Amli Oy Ab,http://www.amli.fi,"Fredrikinkatu 33 A, 00120 Helsinki"
Anadium Group Oy,http://www.anadium.com,Osoitetta ei löydy
Analog Way Finland Oy,http://www.picturall.com,"Jylhäntie 47, 69600 Kaustinen"
Anemic Software,http://www.flowpos.fi,Osoitetta ei löydy
Animated Oak Entertainment Oy,http://www.systemus.fi,"Piispanristintie 2 C, 20760 Piispanristi"
Anneli Tanttu LKV,http://annelitanttulkv.wordpress.com,"Seppälän puistotie 7, 35800 Mänttä"
AnniTech Oy,http://www.annitech.fi,"Pyhäjärvenkatu 5 B 406, 33200 Tampere"
Ansala Consulting,Verkkosivuja ei löydy,"Einolantie 9, 01900 Nurmijärvi"
Anssi Ikonen,http://www.anssikone.fi,"Kotamutka 3, 41800 Korpilahti"
Antiikkikirja Strang Jan,http://www.strang.fi,"Jatasalmentie 1, 00830 Helsinki"
Antti Granqvist,Verkkosivuja ei löydy,"Rajakulmantie 45, 04170 Paippinen"
Anttix Tmi,Verkkosivuja ei löydy,"Turulanmäentie 27, 71480 Kurkimäki"
Anygraaf Oy,http://www.anygraaf.fi,"Hiomotie 10, 00380 Helsinki"
Apfel System Oy,Verkkosivuja ei löydy,"Malminkatu 22 A 2 c/o Tikkanen, 00100 Helsinki"
"Apple Aktiebolag, filial i Finland",http://www.apple.com/fi,"Fabianinkatu 31 C, 00100 Helsinki"
Apprix Oy,http://www.apprix.fi,"Yrjönkatu 21 C, 00100 Helsinki"
Aprikoodi Oy,http://www.samasumu.fi,"Kuujaantie 34, 36270 Kangasala"
Apro-Media Oy,Verkkosivuja ei löydy,"Taimenkuja 12, 01490 Vantaa"
Apsis Finland Oy,http://www.apsisfinland.fi,"Kampinkuja 2, 00100 Helsinki"
Apubitti,http://www.apubitti.fi,"Kustaantie 2, 23100 Mynämäki"
Araneus Information Systems Oy,http://www.araneus.fi,Osoitetta ei löydy
Araqua Oy,http://www.araqua.fi,Osoitetta ei löydy
ArchiusComus,Verkkosivuja ei löydy,"Hämeentie 94 B 36, 00550 Helsinki"
Arctic Coders Oy,http://www.arcticcoders.fi,"Karpalotie 18, 90820 Kello"
Arctic Connect Oy,http://www.arctic-connect.com,"Aittatie 1, 96320 Rovaniemi"
Ardani Consulting Oy,http://www.ardani.fi,"Mallaskatu 3 A 37, 15140 Lahti"
Ardot Oy,http://www.ardot.fi,"Nervanderinkatu 7 A 7, 00100 Helsinki"
Aredo,Verkkosivuja ei löydy,"Asevelikuja 7, 32700 Huittinen"
Aremtec Oy,Verkkosivuja ei löydy,"Olkiniitty 6, 02620 Espoo"
Arena Interactive Oy,http://www.arenainteractive.fi,"Kauppakatu 18 B 18, 40100 Jyväskylä"
Arenosone,Verkkosivuja ei löydy,"Nahkatehtaantie 10, 37830 Akaa"
Arenox Oy,Verkkosivuja ei löydy,"Vihdintie 3, 03100 Nummela"
Arietis Oy,Verkkosivuja ei löydy,"Metsätähdentie 10, 37550 Lempäälä"
Arilyn Oy,http://www.arilyn.fi,"Iso Roobertinkatu 3-5, 00120 Helsinki"
Aritzon Oy Ltd,http://www.planetlovestrees.com,Osoitetta ei löydy
Arkhim Oy,http://www.arkhim.fi,"Laukaantie 4, 40320 Jyväskylä"
Arksoft Oy,http://www.arksoft.fi,"Mikonkatu 22 E 56, 00100 Helsinki"
Arline Oy,Verkkosivuja ei löydy,"Kymintie 31, 00560 Helsinki"
Arrak Software Oy Ab,http://www.arrak.fi,"Tillisbacksvägen 1 C, 02330 Esbo"
Arsplan Oy,http://www.arsplan.fi,"Nirvankuusenkuja 3 D, 33820 Tampere"
Artem Services,Verkkosivuja ei löydy,Osoitetta ei löydy
Arto Jäppinen Ky,Verkkosivuja ei löydy,"Kokkokallionkatu 5 D 67, 15170 Lahti"
Artsicon Ky,http://www.artsicon.com,"Kostintie 3 D 18, 66400 Laihia"
Arutec,http://www.arutec.fi,"Artturi Kanniston tie 8 D 38, 00320 Helsinki"
Asio-Data Oy,http://www.asio.fi,"Kyyluodontie 5 A, 00200 Helsinki"
Asio-Soft Oy,http://www.asio.fi,"Kyyluodontie 5 A, 00200 Helsinki"
AskMyCal Ab,Verkkosivuja ei löydy,"Blomstringevägen 12, 22150 Jomala"
Asp Partners Oy,http://www.whitelabel.fi,"Järvenpääntie 110, 07170 Pornainen"
Aspectia Oy,Verkkosivuja ei löydy,"Sammalsuontie 3, 21350 Ilmarinen"
Aspectus Oy,http://www.aspectus.fi,Osoitetta ei löydy
Asset Vision Oy,http://www.assetvision.fi,"Kypäräkatu 2-4 B 9, 53850 Lappeenranta"
